ID,Type,SKU,"GTIN, UPC, EAN, or ISBN",Name,Published,"Is featured?","Visibility in catalog","Short description",Description,"Date sale price starts","Date sale price ends","Tax status","Tax class","In stock?",Stock,"Low stock amount","Backorders allowed?","Sold individually?","Weight (kg)","Length (cm)","Width (cm)","Height (cm)","Allow customer reviews?","Purchase note","Sale price","Regular price",Categories,Tags,"Shipping class",Images,"Download limit","Download expiry days",Parent,"Grouped products",Upsells,Cross-sells,"External URL","Button text",Position,Brands,"Meta: produkt_maengde","Meta: _produkt_maengde","Meta: produkt_beskrivelse","Meta: _produkt_beskrivelse","Meta: oprindelsesland","Meta: _oprindelsesland","Meta: naeringsindhold","Meta: _naeringsindhold","Meta: ingredienser","Meta: _ingredienser"
170,simple,,,"Blamusling No.1",1,0,visible,,,,,taxable,,1,,,0,0,,,,,1,,,42,"Fisk & Skaldyr > Muslinger & skaldyr",,,http://ap-birkemosegaard.local/wp-content/uploads/2025/05/Blamusling-No.-1.jpg,,,,,,,,,0,Fangst,"110 g",field_68371d05ca974,,field_6836293a89ed7,,field_6836313faa69b,,field_683629af89ed8,,field_68362b303ac21
184,simple,,,"Blåmusling No. 2",1,0,visible,,,,,taxable,,1,,,0,0,,,,,1,,,42,"Fisk & Skaldyr > Muslinger & skaldyr",,,http://ap-birkemosegaard.local/wp-content/uploads/2025/05/Blamusling-No.-2.jpg,,,,,,,,,0,Fangst,"100 g",field_68371d05ca974,,field_6836293a89ed7,,field_6836313faa69b,,field_683629af89ed8,,field_68362b303ac21
185,simple,,,"Brisling No. 1",1,0,visible,,,,,taxable,,1,,,0,0,,,,,1,,,39,"Fisk & Skaldyr > Fisk",,,http://ap-birkemosegaard.local/wp-content/uploads/2025/05/Brisling-No.-1.jpg,,,,,,,,,0,Fangst,"100 g",field_68371d05ca974,,field_6836293a89ed7,,field_6836313faa69b,,field_683629af89ed8,,field_68362b303ac21
186,simple,,,"Brisling No. 2",1,0,visible,,,,,taxable,,1,,,0,0,,,,,1,,,39,"Fisk & Skaldyr > Fisk",,,http://ap-birkemosegaard.local/wp-content/uploads/2025/05/Brisling-No.-2.jpg,,,,,,,,,0,Fangst,"100 g",field_68371d05ca974,,field_6836293a89ed7,,field_6836313faa69b,,field_683629af89ed8,,field_68362b303ac21
187,simple,,,"Brisling No. 4",1,0,visible,,,,,taxable,,1,,,0,0,,,,,1,,,39,"Fisk & Skaldyr > Fisk",,,http://ap-birkemosegaard.local/wp-content/uploads/2025/05/Brisling-No.-4.jpg,,,,,,,,,0,Fangst,"100 g",field_68371d05ca974,,field_6836293a89ed7,,field_6836313faa69b,,field_683629af89ed8,,field_68362b303ac21
188,simple,,,"Færøsk laks No. 1",1,0,visible,,,,,taxable,,1,,,0,0,,,,,1,,,49,"Fisk & Skaldyr > Fisk",,,http://ap-birkemosegaard.local/wp-content/uploads/2025/05/Faerosk-laks-No.-1.jpg,,,,,,,,,0,Fangst,"100 g",field_68371d05ca974,,field_6836293a89ed7,,field_6836313faa69b,,field_683629af89ed8,,field_68362b303ac21
190,simple,,,"Færøsk laks No. 2",1,0,visible,,,,,taxable,,1,,,0,0,,,,,1,,,49,"Fisk & Skaldyr > Fisk",,,http://ap-birkemosegaard.local/wp-content/uploads/2025/05/Faerosk-laks-No.-2.jpg,,,,,,,,,0,Fangst,"110 g",field_68371d05ca974,,field_6836293a89ed7,,field_6836313faa69b,,field_683629af89ed8,,field_68362b303ac21
191,simple,,,"Færøsk laks No. 3",1,0,visible,,,,,taxable,,1,,,0,0,,,,,1,,,49,"Fisk & Skaldyr > Fisk",,,http://ap-birkemosegaard.local/wp-content/uploads/2025/05/Faerosk-laks-No.-3.jpg,,,,,,,,,0,Fangst,"110 g",field_68371d05ca974,,field_6836293a89ed7,,field_6836313faa69b,,field_683629af89ed8,,field_68362b303ac21
192,simple,,,Hjertemusling,1,0,visible,,,,,taxable,,1,,,0,0,,,,,1,,,57,"Fisk & Skaldyr > Muslinger & skaldyr",,,http://ap-birkemosegaard.local/wp-content/uploads/2025/05/Hjertemusling.jpg,,,,,,,,,0,Fangst,"110 g",field_68371d05ca974,,field_6836293a89ed7,,field_6836313faa69b,,field_683629af89ed8,,field_68362b303ac21
193,simple,,,"Regnbue ørred",1,0,visible,,,,,taxable,,1,,,0,0,,,,,1,,,49,"Fisk & Skaldyr > Fisk",,,http://ap-birkemosegaard.local/wp-content/uploads/2025/05/Regnbue-orred.jpg,,,,,,,,,0,Fangst,"110 g",field_68371d05ca974,,field_6836293a89ed7,,field_6836313faa69b,,field_683629af89ed8,,field_68362b303ac21
194,simple,,,"Sild No. 1",1,0,visible,,,,,taxable,,1,,,0,0,,,,,1,,,39,"Fisk & Skaldyr > Fisk",,,http://ap-birkemosegaard.local/wp-content/uploads/2025/05/Sild-No.-1.jpg,,,,,,,,,0,Fangst,"100 g",field_68371d05ca974,,field_6836293a89ed7,,field_6836313faa69b,,field_683629af89ed8,,field_68362b303ac21
201,simple,,,alletiders_gr_d,1,0,visible,,,,,taxable,,1,,,0,0,,,,,1,,,69,"Grød & Gryn > Grødblandinger",,,http://ap-birkemosegaard.local/wp-content/uploads/2025/05/alletiders_gr_d.jpg,,,,,,,,,0,Aurion,"700 g",field_68371d05ca974,,field_6836293a89ed7,,field_6836313faa69b,,field_683629af89ed8,,field_68362b303ac21
202,simple,,,"Altid mæt grød",1,0,visible,,,,,taxable,,1,,,0,0,,,,,1,,,64,"Grød & Gryn > Grødblandinger",,,http://ap-birkemosegaard.local/wp-content/uploads/2025/05/Altid-maet-grod.jpg,,,,,,,,,0,Aurion,"700 g",field_68371d05ca974,,field_6836293a89ed7,,field_6836313faa69b,,field_683629af89ed8,,field_68362b303ac21
203,simple,,,"Den flade maves grød glutenfri",1,0,visible,,,,,taxable,,1,,,0,0,,,,,1,,,"76,50","Grød & Gryn > Grødblandinger",,,http://ap-birkemosegaard.local/wp-content/uploads/2025/05/Den-flade-maves-grod-glutenfri.jpg,,,,,,,,,0,Aurion,"700 g",field_68371d05ca974,,field_6836293a89ed7,,field_6836313faa69b,,field_683629af89ed8,,field_68362b303ac21
204,simple,,,"Den glade maves grød",1,0,visible,,,,,taxable,,1,,,0,0,,,,,1,,,59,"Grød & Gryn > Grødblandinger",,,http://ap-birkemosegaard.local/wp-content/uploads/2025/05/Den-glade-maves-grod.jpg,,,,,,,,,0,Aurion,"700 g",field_68371d05ca974,,field_6836293a89ed7,,field_6836313faa69b,,field_683629af89ed8,,field_68362b303ac21
205,simple,,,"Glutenfri grød",1,0,visible,,,,,taxable,,1,,,0,0,,,,,1,,,76,"Grød & Gryn > Grødblandinger",,,http://ap-birkemosegaard.local/wp-content/uploads/2025/05/Glutenfri-grod.jpg,,,,,,,,,0,Aurion,"700 g",field_68371d05ca974,,field_6836293a89ed7,,field_6836313faa69b,,field_683629af89ed8,,field_68362b303ac21
209,simple,,,Krudtuglegrød,1,0,visible,,,,,taxable,,1,,,0,0,,,,,1,,,59,"Grød & Gryn > Grødblandinger",,,http://ap-birkemosegaard.local/wp-content/uploads/2025/05/Krudtuglegrod.jpg,,,,,,,,,0,Aurion,"700 g",field_68371d05ca974,,field_6836293a89ed7,,field_6836313faa69b,,field_683629af89ed8,,field_68362b303ac21
215,simple,,,"Espresso Café de Alturas",1,0,visible,,,,,taxable,,1,,,0,0,,,,,1,,,45,"Kaffe > Kapsler",,,http://ap-birkemosegaard.local/wp-content/uploads/2025/05/Espresso-kaffekapsler-Cafe-de-Alturas.gif,,,,,,,,,0,ØNSK,"10 Kapsler",field_68371d05ca974,,field_6836293a89ed7,,field_6836313faa69b,,field_683629af89ed8,,field_68362b303ac21
216,simple,,,"Kaffebønner Café de Alturas",1,0,visible,,,,,taxable,,1,,,0,0,,,,,1,,,85,"Kaffe > Bønner",,,http://ap-birkemosegaard.local/wp-content/uploads/2025/05/Kaffebonner-Cafe-de-Alturas.png,,,,,,,,,0,ØNSK,250g,field_68371d05ca974,,field_6836293a89ed7,,field_6836313faa69b,,field_683629af89ed8,,field_68362b303ac21
219,simple,,,"Kaffebønner Cesar Sampertegui",1,0,visible,,,,,taxable,,1,,,0,0,,,,,1,,,89,"Kaffe > Bønner",,,http://ap-birkemosegaard.local/wp-content/uploads/2025/05/Kaffebonner-Cesar-Sampertegui.jpg,,,,,,,,,0,ØNSK,250g,field_68371d05ca974,,field_6836293a89ed7,,field_6836313faa69b,,field_683629af89ed8,,field_68362b303ac21
220,simple,,,"Lungo kaffekapsler Leonel Valladares",1,0,visible,,,,,taxable,,1,,,0,0,,,,,1,,,79,"Kaffe > Kapsler",,,http://ap-birkemosegaard.local/wp-content/uploads/2025/05/Lungo-kaffekapsler-Leonel-Valladares.gif,,,,,,,,,0,ØNSK,"250 g",field_68371d05ca974,,field_6836293a89ed7,,field_6836313faa69b,,field_683629af89ed8,,field_68362b303ac21
221,simple,,,"Lungo kaffekapsler Leonel Valladares",1,0,visible,,,,,taxable,,1,,,0,0,,,,,1,,,45,"Kaffe > Kapsler",,,http://ap-birkemosegaard.local/wp-content/uploads/2025/05/Lungo-kaffekapsler-Leonel-Valladares.gif,,,,,,,,,0,ØNSK,"10 Kapsler",field_68371d05ca974,,field_6836293a89ed7,,field_6836313faa69b,,field_683629af89ed8,,field_68362b303ac21
240,simple,,,"Gløgg m. krydderi",1,0,visible,,,,,taxable,,1,,,0,0,,,,,1,,,80,"Drikkevarer > Specialdrikke",,,http://ap-birkemosegaard.local/wp-content/uploads/2025/05/Glogg-m.-krydderi.jpg,,,,,,,,,0,Søbogaard,"73 cl",field_68371d05ca974,,field_6836293a89ed7,,field_6836313faa69b,,field_683629af89ed8,,field_68362b303ac21
241,simple,,,"Blåbærsaft sur",1,0,visible,,,,,taxable,,1,,,0,0,,,,,1,,,94,"Drikkevarer > Saft",,,http://ap-birkemosegaard.local/wp-content/uploads/2025/05/Blabaersaft-sur.jpg,,,,,,,,,0,Søbogaard,"73 cl",field_68371d05ca974,,field_6836293a89ed7,,field_6836313faa69b,,field_683629af89ed8,,field_68362b303ac21
242,simple,,,"Blåbærsaft sød",1,0,visible,,,,,taxable,,1,,,0,0,,,,,1,,,85,"Drikkevarer > Saft",,,http://ap-birkemosegaard.local/wp-content/uploads/2025/05/Blabaersaft-sod.jpg,,,,,,,,,0,Søbogaard,"73 cl",field_68371d05ca974,,field_6836293a89ed7,,field_6836313faa69b,,field_683629af89ed8,,field_68362b303ac21
243,simple,,,"Blandet saft",1,0,visible,,,,,taxable,,1,,,0,0,,,,,1,,,67,"Drikkevarer > Saft",,,http://ap-birkemosegaard.local/wp-content/uploads/2025/05/Blandet-saft.jpg,,,,,,,,,0,Søbogaard,"73 cl",field_68371d05ca974,,field_6836293a89ed7,,field_6836313faa69b,,field_683629af89ed8,,field_68362b303ac21
244,simple,,,Havtornsaft,1,0,visible,,,,,taxable,,1,,,0,0,,,,,1,,,74,"Drikkevarer > Saft",,,http://ap-birkemosegaard.local/wp-content/uploads/2025/05/Havtornsaft.jpg,,,,,,,,,0,Søbogaard,"73 cl",field_68371d05ca974,,field_6836293a89ed7,,field_6836313faa69b,,field_683629af89ed8,,field_68362b303ac21
245,simple,,,Hindbærsaft,1,0,visible,,,,,taxable,,1,,,0,0,,,,,1,,,100,"Drikkevarer > Saft",,,http://ap-birkemosegaard.local/wp-content/uploads/2025/05/Hindbaersaft.jpg,,,,,,,,,0,Søbogaard,"73 cl",field_68371d05ca974,,field_6836293a89ed7,,field_6836313faa69b,,field_683629af89ed8,,field_68362b303ac21
246,simple,,,Hyldebærsaft,1,0,visible,,,,,taxable,,1,,,0,0,,,,,1,,,69,"Drikkevarer > Saft",,,http://ap-birkemosegaard.local/wp-content/uploads/2025/05/Hyldebaersaft.jpg,,,,,,,,,0,Søbogaard,"73 cl",field_68371d05ca974,,field_6836293a89ed7,,field_6836313faa69b,,field_683629af89ed8,,field_68362b303ac21
247,simple,,,Hyldeblomstdrik,1,0,visible,,,,,taxable,,1,,,0,0,,,,,1,,,58,"Drikkevarer > Saft",,,http://ap-birkemosegaard.local/wp-content/uploads/2025/05/Hyldeblomstdrik.jpg,,,,,,,,,0,Søbogaard,"73 cl",field_68371d05ca974,,field_6836293a89ed7,,field_6836313faa69b,,field_683629af89ed8,,field_68362b303ac21
250,simple,,,Jordbærsaft,1,0,visible,,,,,taxable,,1,,,0,0,,,,,1,,,68,"Drikkevarer > Saft",,,http://ap-birkemosegaard.local/wp-content/uploads/2025/05/Jordbaersaft.jpg,,,,,,,,,0,Søbogaard,"73 cl",field_68371d05ca974,,field_6836293a89ed7,,field_6836313faa69b,,field_683629af89ed8,,field_68362b303ac21
251,simple,,,"Kirsebærsaft sur",1,0,visible,,,,,taxable,,1,,,0,0,,,,,1,,,72,"Drikkevarer > Saft",,,http://ap-birkemosegaard.local/wp-content/uploads/2025/05/Kirsebaersaft-sur.png,,,,,,,,,0,Søbogaard,"73 cl",field_68371d05ca974,,field_6836293a89ed7,,field_6836313faa69b,,field_683629af89ed8,,field_68362b303ac21
252,simple,,,Kirsebærsaft,1,0,visible,,,,,taxable,,1,,,0,0,,,,,1,,,70,"Drikkevarer > Saft",,,http://ap-birkemosegaard.local/wp-content/uploads/2025/05/Kirsebaersaft.jpg,,,,,,,,,0,Søbogaard,"73 cl",field_68371d05ca974,,field_6836293a89ed7,,field_6836313faa69b,,field_683629af89ed8,,field_68362b303ac21
253,simple,,,Rabarbersaft,1,0,visible,,,,,taxable,,1,,,0,0,,,,,1,,,70,"Drikkevarer > Saft",,,http://ap-birkemosegaard.local/wp-content/uploads/2025/05/Rabarbersaft.jpg,,,,,,,,,0,Søbogaard,"73 cl",field_68371d05ca974,,field_6836293a89ed7,,field_6836313faa69b,,field_683629af89ed8,,field_68362b303ac21
254,simple,,,Ribssaft,1,0,visible,,,,,taxable,,1,,,0,0,,,,,1,,,70,"Drikkevarer > Saft",,,http://ap-birkemosegaard.local/wp-content/uploads/2025/05/Ribssaft.jpg,,,,,,,,,0,Søbogaard,"73 cl",field_68371d05ca974,,field_6836293a89ed7,,field_6836313faa69b,,field_683629af89ed8,,field_68362b303ac21
255,simple,,,Sjælevarmer,1,0,visible,,,,,taxable,,1,,,0,0,,,,,1,,,79,"Drikkevarer > Specialdrikke",,,http://ap-birkemosegaard.local/wp-content/uploads/2025/05/Sjaelevarmer.jpg,,,,,,,,,0,Søbogaard,"73 cl",field_68371d05ca974,,field_6836293a89ed7,,field_6836313faa69b,,field_683629af89ed8,,field_68362b303ac21
257,simple,,,"Solbærsaft sur",1,0,visible,,,,,taxable,,1,,,0,0,,,,,1,,,69,"Drikkevarer > Saft",,,http://ap-birkemosegaard.local/wp-content/uploads/2025/05/Solbaersaft-sur.jpg,,,,,,,,,0,Søbogaard,"73 cl",field_68371d05ca974,,field_6836293a89ed7,,field_6836313faa69b,,field_683629af89ed8,,field_68362b303ac21
258,simple,,,Solbærsaft,1,0,visible,,,,,taxable,,1,,,0,0,,,,,1,,,69,"Drikkevarer > Saft",,,http://ap-birkemosegaard.local/wp-content/uploads/2025/05/Solbaersaft.jpg,,,,,,,,,0,Søbogaard,"73 cl",field_68371d05ca974,,field_6836293a89ed7,,field_6836313faa69b,,field_683629af89ed8,,field_68362b303ac21
261,simple,,,"Tranebærsaft sød",1,0,visible,,,,,taxable,,1,,,0,0,,,,,1,,,71,"Drikkevarer > Saft",,,http://ap-birkemosegaard.local/wp-content/uploads/2025/05/Tranebaersaft-sod.jpg,,,,,,,,,0,Søbogaard,"73 cl",field_68371d05ca974,,field_6836293a89ed7,,field_6836313faa69b,,field_683629af89ed8,,field_68362b303ac21
262,simple,,,Æblemost,1,0,visible,,,,,taxable,,1,,,0,0,,,,,1,,,38,"Drikkevarer > Most",,,http://ap-birkemosegaard.local/wp-content/uploads/2025/05/AEblemost.jpg,,,,,,,,,0,"Egen avl","75 cl",field_68371d05ca974,,field_6836293a89ed7,,field_6836313faa69b,,field_683629af89ed8,,field_68362b303ac21
283,simple,,,"And fra Sejerø",1,0,visible,,,,,taxable,,1,,,0,0,,,,,1,,,685,"Kød & Fjerkræ > And",,,http://ap-birkemosegaard.local/wp-content/uploads/2025/05/And-fra-Sejero-1.jpg,,,,,,,,,0,sejerø-græs,"3,7 kg",field_68371d05ca974,,field_6836293a89ed7,,field_6836313faa69b,,field_683629af89ed8,,field_68362b303ac21
284,simple,,,"Bov uden ben",1,0,visible,,,,,taxable,,1,,,0,0,,,,,1,,,200,"Kød & Fjerkræ > Oksekød",,,http://ap-birkemosegaard.local/wp-content/uploads/2025/05/Bov-uden-ben-1.jpg,,,,,,,,,0,"Egen avl","1.6 kg",field_68371d05ca974,,field_6836293a89ed7,,field_6836313faa69b,,field_683629af89ed8,,field_68362b303ac21
285,simple,,,Bryst,1,0,visible,,,,,taxable,,1,,,0,0,,,,,1,,,200,"Kød & Fjerkræ > Oksekød",,,http://ap-birkemosegaard.local/wp-content/uploads/2025/05/Bryst-1.jpg,,,,,,,,,0,"Egen avl","1,3 kg",field_68371d05ca974,,field_6836293a89ed7,,field_6836313faa69b,,field_683629af89ed8,,field_68362b303ac21
286,simple,,,Gullash,1,0,visible,,,,,taxable,,1,,,0,0,,,,,1,,,200,"Kød & Fjerkræ > Oksekød",,,http://ap-birkemosegaard.local/wp-content/uploads/2025/05/Gullash-1.jpg,,,,,,,,,0,"Egen avl","750 g",field_68371d05ca974,,field_6836293a89ed7,,field_6836313faa69b,,field_683629af89ed8,,field_68362b303ac21
287,simple,,,"Hakket kød fra ungkvæg",1,0,visible,,,,,taxable,,1,,,0,0,,,,,1,,,135,"Kød & Fjerkræ > Oksekød",,,http://ap-birkemosegaard.local/wp-content/uploads/2025/05/Hakket-kod-fra-ungkvaeg-1.jpg,,,,,,,,,0,"Egen avl","1 kg",field_68371d05ca974,,field_6836293a89ed7,,field_6836313faa69b,,field_683629af89ed8,,field_68362b303ac21
288,simple,,,"Hel mørbrad fra ungkvæg",1,0,visible,,,,,taxable,,1,,,0,0,,,,,1,,,720,"Kød & Fjerkræ > Oksekød",,,http://ap-birkemosegaard.local/wp-content/uploads/2025/05/Hel-morbrad-fra-ungkvaeg-1.jpg,,,,,,,,,0,"Egen avl","1,6 kg",field_68371d05ca974,,field_6836293a89ed7,,field_6836313faa69b,,field_683629af89ed8,,field_68362b303ac21
289,simple,,,Inderlår,1,0,visible,,,,,taxable,,1,,,0,0,,,,,1,,,290,"Kød & Fjerkræ > Oksekød",,,http://ap-birkemosegaard.local/wp-content/uploads/2025/05/Inderlar-1.jpg,,,,,,,,,0,"Egen avl","1,38 kg",field_68371d05ca974,,field_6836293a89ed7,,field_6836313faa69b,,field_683629af89ed8,,field_68362b303ac21
290,simple,,,"Kamsteg med svær og ridser",1,0,visible,,,,,taxable,,1,,,0,0,,,,,1,,,225,"Kød & Fjerkræ > Svinekød",,,http://ap-birkemosegaard.local/wp-content/uploads/2025/05/Kamsteg-med-svaer-og-ridser-1.jpg,,,,,,,,,0,"Egen avl","1,5 kg",field_68371d05ca974,,field_6836293a89ed7,,field_6836313faa69b,,field_683629af89ed8,,field_68362b303ac21
291,simple,,,"Klump fra ungdyr",1,0,visible,,,,,taxable,,1,,,0,0,,,,,1,,,250,"Kød & Fjerkræ > Oksekød",,,http://ap-birkemosegaard.local/wp-content/uploads/2025/05/Klump-fra-ungdyr-1.jpg,,,,,,,,,0,"Egen avl","1,4 kg",field_68371d05ca974,,field_6836293a89ed7,,field_6836313faa69b,,field_683629af89ed8,,field_68362b303ac21
292,simple,,,Kraftben,1,0,visible,,,,,taxable,,1,,,0,0,,,,,1,,,35,"Kød & Fjerkræ > Oksekød",,,http://ap-birkemosegaard.local/wp-content/uploads/2025/05/Kraftben-1.jpeg,,,,,,,,,0,"Egen avl","1 kg",field_68371d05ca974,,field_6836293a89ed7,,field_6836313faa69b,,field_683629af89ed8,,field_68362b303ac21
293,simple,,,,1,0,visible,,,,,taxable,,1,,,0,0,,,,,1,,,95,"Kød & Fjerkræ > Svinekød",,,http://ap-birkemosegaard.local/wp-content/uploads/2025/05/Nakkekotelet-1.jpg,,,,,,,,,0,"Egen avl","500 g",field_68371d05ca974,,field_6836293a89ed7,,field_6836313faa69b,,field_683629af89ed8,,field_68362b303ac21
294,simple,,,"Osso buco",1,0,visible,,,,,taxable,,1,,,0,0,,,,,1,,,250,"Kød & Fjerkræ > Oksekød",,,http://ap-birkemosegaard.local/wp-content/uploads/2025/05/Osso-buco-1.jpg,,,,,,,,,0,"Egen avl","1,42 kg",field_68371d05ca974,,field_6836293a89ed7,,field_6836313faa69b,,field_683629af89ed8,,field_68362b303ac21
295,simple,,,"Skovkylling bryst med skind",1,0,visible,,,,,taxable,,1,,,0,0,,,,,1,,,189,"Kød & Fjerkræ > Kylling",,,http://ap-birkemosegaard.local/wp-content/uploads/2025/05/Skovkylling-bryst-med-skind-1.jpg,,,,,,,,,0,Gothenborg,"750 g",field_68371d05ca974,,field_6836293a89ed7,,field_6836313faa69b,,field_683629af89ed8,,field_68362b303ac21
296,simple,,,"Skovkylling hel",1,0,visible,,,,,taxable,,1,,,0,0,,,,,1,,,257,"Kød & Fjerkræ > Kylling",,,http://ap-birkemosegaard.local/wp-content/uploads/2025/05/Skovkylling-hel-1.jpeg,,,,,,,,,0,Gothenborg,"1,9 kg",field_68371d05ca974,,field_6836293a89ed7,,field_6836313faa69b,,field_683629af89ed8,,field_68362b303ac21
297,simple,,,"Skovkylling hele lår",1,0,visible,,,,,taxable,,1,,,0,0,,,,,1,,,175,"Kød & Fjerkræ > Kylling",,,http://ap-birkemosegaard.local/wp-content/uploads/2025/05/Skovkylling-hele-lar-1.jpg,,,,,,,,,0,Gothenborg,"1 kg",field_68371d05ca974,,field_6836293a89ed7,,field_6836313faa69b,,field_683629af89ed8,,field_68362b303ac21
298,simple,,,"Skovkylling lever",1,0,visible,,,,,taxable,,1,,,0,0,,,,,1,,,79,"Kød & Fjerkræ > Kylling",,,http://ap-birkemosegaard.local/wp-content/uploads/2025/05/Skovkylling-lever-1.jpg,,,,,,,,,0,Gothenborg,"350 g",field_68371d05ca974,,field_6836293a89ed7,,field_6836313faa69b,,field_683629af89ed8,,field_68362b303ac21
299,simple,,,"Skovkylling underlår",1,0,visible,,,,,taxable,,1,,,0,0,,,,,1,,,102,"Kød & Fjerkræ > Kylling",,,http://ap-birkemosegaard.local/wp-content/uploads/2025/05/Skovkylling-underlar-1.jpg,,,,,,,,,0,Gothenborg,"700 g",field_68371d05ca974,,field_6836293a89ed7,,field_6836313faa69b,,field_683629af89ed8,,field_68362b303ac21
300,simple,,,Svinemørbrad,1,0,visible,,,,,taxable,,1,,,0,0,,,,,1,,,99,"Kød & Fjerkræ > Svinekød",,,http://ap-birkemosegaard.local/wp-content/uploads/2025/05/Svinemorbrad-1.jpg,,,,,,,,,0,Søbogaard,"600 g",field_68371d05ca974,,field_6836293a89ed7,,field_6836313faa69b,,field_683629af89ed8,,field_68362b303ac21
301,simple,,,Tykstegsfilet,1,0,visible,,,,,taxable,,1,,,0,0,,,,,1,,,400,"Kød & Fjerkræ > Oksekød",,,http://ap-birkemosegaard.local/wp-content/uploads/2025/05/Tykstegsfilet-1.jpg,,,,,,,,,0,"Egen avl","1,8 kg",field_68371d05ca974,,field_6836293a89ed7,,field_6836313faa69b,,field_683629af89ed8,,field_68362b303ac21
361,simple,,,"Abrikos marmelade",1,0,visible,,,,,taxable,,1,,,0,0,,,,,1,,,33,"Marmelade & Honning > Marmelade",,,http://ap-birkemosegaard.local/wp-content/uploads/2025/05/Abrikos-marmelade-1.jpg,,,,,,,,,0,"Les Moulins Mahjoub","400 g",field_68371d05ca974,,field_6836293a89ed7,,field_6836313faa69b,,field_683629af89ed8,,field_68362b303ac21
362,simple,,,"Appelsin marmelade syrlig",1,0,visible,,,,,taxable,,1,,,0,0,,,,,1,,,60,"Marmelade & Honning > Marmelade",,,http://ap-birkemosegaard.local/wp-content/uploads/2025/05/Appelsin-marmelade-syrlig-1.jpg,,,,,,,,,0,"Les Moulins Mahjoub","240 g",field_68371d05ca974,,field_6836293a89ed7,,field_6836313faa69b,,field_683629af89ed8,,field_68362b303ac21
363,simple,,,"Blåbær marmelade sødet med æble",1,0,visible,,,,,taxable,,1,,,0,0,,,,,1,,,37,"Marmelade & Honning > Marmelade",,,http://ap-birkemosegaard.local/wp-content/uploads/2025/05/Blabaer-marmelade-sodet-med-aeble-1.jpg,,,,,,,,,0,Søbogaard,"400 g",field_68371d05ca974,,field_6836293a89ed7,,field_6836313faa69b,,field_683629af89ed8,,field_68362b303ac21
364,simple,,,"Blåbær marmelade",1,0,visible,,,,,taxable,,1,,,0,0,,,,,1,,,37,"Marmelade & Honning > Marmelade",,,http://ap-birkemosegaard.local/wp-content/uploads/2025/05/Blabaer-marmelade-1.jpg,,,,,,,,,0,Søbogaard,"400 g",field_68371d05ca974,,field_6836293a89ed7,,field_6836313faa69b,,field_683629af89ed8,,field_68362b303ac21
365,simple,,,"Brombær marmelade sødet med æble",1,0,visible,,,,,taxable,,1,,,0,0,,,,,1,,,35,"Marmelade & Honning > Marmelade",,,http://ap-birkemosegaard.local/wp-content/uploads/2025/05/Brombaer-marmelade-sodet-med-aeble-1.jpg,,,,,,,,,0,Søbogaard,"400 g",field_68371d05ca974,,field_6836293a89ed7,,field_6836313faa69b,,field_683629af89ed8,,field_68362b303ac21
367,simple,,,"Brombær marmelade",1,0,visible,,,,,taxable,,1,,,0,0,,,,,1,,,35,"Marmelade & Honning > Marmelade",,,http://ap-birkemosegaard.local/wp-content/uploads/2025/05/Brombaer-marmelade-1.jpg,,,,,,,,,0,Søbogaard,"400 g",field_68371d05ca974,,field_6836293a89ed7,,field_6836313faa69b,,field_683629af89ed8,,field_68362b303ac21
368,simple,,,"Citron marmelade",1,0,visible,,,,,taxable,,1,,,0,0,,,,,1,,,33,"Marmelade & Honning > Marmelade",,,http://ap-birkemosegaard.local/wp-content/uploads/2025/05/Citron-marmelade-1.jpg,,,,,,,,,0,Søbogaard,"400 g",field_68371d05ca974,,field_6836293a89ed7,,field_6836313faa69b,,field_683629af89ed8,,field_68362b303ac21
369,simple,,,"Figen marmelade",1,0,visible,,,,,taxable,,1,,,0,0,,,,,1,,,60,"Marmelade & Honning > Marmelade",,,http://ap-birkemosegaard.local/wp-content/uploads/2025/05/Figen-marmelade.jpg,,,,,,,,,0,"Les Moulins Mahjoub","240 g",field_68371d05ca974,,field_6836293a89ed7,,field_6836313faa69b,,field_683629af89ed8,,field_68362b303ac21
370,simple,,,"Havtorn marmelade",1,0,visible,,,,,taxable,,1,,,0,0,,,,,1,,,37,"Marmelade & Honning > Marmelade",,,http://ap-birkemosegaard.local/wp-content/uploads/2025/05/Havtorn-marmelade.jpg,,,,,,,,,0,Søbogaard,"400 g",field_68371d05ca974,,field_6836293a89ed7,,field_6836313faa69b,,field_683629af89ed8,,field_68362b303ac21
371,simple,,,"Hindbær marmelade sødet med æble",1,0,visible,,,,,taxable,,1,,,0,0,,,,,1,,,37,"Marmelade & Honning > Marmelade",,,http://ap-birkemosegaard.local/wp-content/uploads/2025/05/Hindbaer-marmelade-sodet-med-aeble-1.jpg,,,,,,,,,0,Søbogaard,"400 g",field_68371d05ca974,,field_6836293a89ed7,,field_6836313faa69b,,field_683629af89ed8,,field_68362b303ac21
372,simple,,,"Hindbær marmelade",1,0,visible,,,,,taxable,,1,,,0,0,,,,,1,,,37,"Marmelade & Honning > Marmelade",,,http://ap-birkemosegaard.local/wp-content/uploads/2025/05/Hindbaer-marmelade.jpg,,,,,,,,,0,Søbogaard,"400 g",field_68371d05ca974,,field_6836293a89ed7,,field_6836313faa69b,,field_683629af89ed8,,field_68362b303ac21
373,simple,,,"Honning Bi",1,0,visible,,,,,taxable,,1,,,0,0,,,,,1,,,50,"Marmelade & Honning > Honning",,,http://ap-birkemosegaard.local/wp-content/uploads/2025/05/Honning-Bi-1.jpg,,,,,,,,,0,Søbogaard,"450 g",field_68371d05ca974,,field_6836293a89ed7,,field_6836313faa69b,,field_683629af89ed8,,field_68362b303ac21
374,simple,,,"Honning Lyng",1,0,visible,,,,,taxable,,1,,,0,0,,,,,1,,,69,"Marmelade & Honning > Honning",,,http://ap-birkemosegaard.local/wp-content/uploads/2025/05/Honning-Lyng.jpg,,,,,,,,,0,Søbogaard,"450 g",field_68371d05ca974,,field_6836293a89ed7,,field_6836313faa69b,,field_683629af89ed8,,field_68362b303ac21
375,simple,,,"Honning sensommer",1,0,visible,,,,,taxable,,1,,,0,0,,,,,1,,,55,"Marmelade & Honning > Honning",,,http://ap-birkemosegaard.local/wp-content/uploads/2025/05/Honning-sensommer.jpg,,,,,,,,,0,"Egen avl","450 g",field_68371d05ca974,,field_6836293a89ed7,,field_6836313faa69b,,field_683629af89ed8,,field_68362b303ac21
376,simple,,,"Hyben marmelade",1,0,visible,,,,,taxable,,1,,,0,0,,,,,1,,,35,"Marmelade & Honning > Marmelade",,,http://ap-birkemosegaard.local/wp-content/uploads/2025/05/Hyben-marmelade.jpg,,,,,,,,,0,Søbogaard,"400 g",field_68371d05ca974,,field_6836293a89ed7,,field_6836313faa69b,,field_683629af89ed8,,field_68362b303ac21
377,simple,,,"Hyldeblomst citron marmelade",1,0,visible,,,,,taxable,,1,,,0,0,,,,,1,,,33,"Marmelade & Honning > Marmelade",,,http://ap-birkemosegaard.local/wp-content/uploads/2025/05/Hyldeblomst-citron-marmelade.jpg,,,,,,,,,0,Søbogaard,"400 g",field_68371d05ca974,,field_6836293a89ed7,,field_6836313faa69b,,field_683629af89ed8,,field_68362b303ac21
378,simple,,,"Jordbær marmelade",1,0,visible,,,,,taxable,,1,,,0,0,,,,,1,,,33,"Marmelade & Honning > Marmelade",,,http://ap-birkemosegaard.local/wp-content/uploads/2025/05/Jordbaer-marmelade.jpg,,,,,,,,,0,Søbogaard,"400 g",field_68371d05ca974,,field_6836293a89ed7,,field_6836313faa69b,,field_683629af89ed8,,field_68362b303ac21
379,simple,,,"Jordbær rabarber marmelade",1,0,visible,,,,,taxable,,1,,,0,0,,,,,1,,,33,"Marmelade & Honning > Marmelade",,,http://ap-birkemosegaard.local/wp-content/uploads/2025/05/Jordbaer-rabarber-marmelade.jpg,,,,,,,,,0,Søbogaard,"400 g",field_68371d05ca974,,field_6836293a89ed7,,field_6836313faa69b,,field_683629af89ed8,,field_68362b303ac21
380,simple,,,"Lemon marmelade",1,0,visible,,,,,taxable,,1,,,0,0,,,,,1,,,60,"Marmelade & Honning > Marmelade",,,http://ap-birkemosegaard.local/wp-content/uploads/2025/05/Lemon-marmelade.jpg,,,,,,,,,0,"Les Moulins Mahjoub","240 g",field_68371d05ca974,,field_6836293a89ed7,,field_6836313faa69b,,field_683629af89ed8,,field_68362b303ac21
381,simple,,,"Marmelade Jordbær Sødet med æble",1,0,visible,,,,,taxable,,1,,,0,0,,,,,1,,,35,"Marmelade & Honning > Marmelade",,,http://ap-birkemosegaard.local/wp-content/uploads/2025/05/Marmelade-Jordbaer-Sodet-med-aeble-1.jpg,,,,,,,,,0,Søbogaard,"400 g",field_68371d05ca974,,field_6836293a89ed7,,field_6836313faa69b,,field_683629af89ed8,,field_68362b303ac21
382,simple,,,"Rabarber marmelade",1,0,visible,,,,,taxable,,1,,,0,0,,,,,1,,,33,"Marmelade & Honning > Marmelade",,,http://ap-birkemosegaard.local/wp-content/uploads/2025/05/Rabarber-marmelade.jpg,,,,,,,,,0,Søbogaard,"400 g",field_68371d05ca974,,field_6836293a89ed7,,field_6836313faa69b,,field_683629af89ed8,,field_68362b303ac21
383,simple,,,"Solbær marmelade sødet med æble",1,0,visible,,,,,taxable,,1,,,0,0,,,,,1,,,35,"Marmelade & Honning > Marmelade",,,http://ap-birkemosegaard.local/wp-content/uploads/2025/05/Solbaer-marmelade-sodet-med-aeble.jpg,,,,,,,,,0,Søbogaard,"400 g",field_68371d05ca974,,field_6836293a89ed7,,field_6836313faa69b,,field_683629af89ed8,,field_68362b303ac21
384,simple,,,"Solbær marmelade",1,0,visible,,,,,taxable,,1,,,0,0,,,,,1,,,33,"Marmelade & Honning > Marmelade",,,http://ap-birkemosegaard.local/wp-content/uploads/2025/05/Solbaer-marmelade.jpg,,,,,,,,,0,Søbogaard,"400 g",field_68371d05ca974,,field_6836293a89ed7,,field_6836313faa69b,,field_683629af89ed8,,field_68362b303ac21
385,simple,,,"Stikkelsbær marmelade",1,0,visible,,,,,taxable,,1,,,0,0,,,,,1,,,33,"Marmelade & Honning > Marmelade",,,http://ap-birkemosegaard.local/wp-content/uploads/2025/05/Stikkelsbaer-marmelade.jpg,,,,,,,,,0,Søbogaard,"400 g",field_68371d05ca974,,field_6836293a89ed7,,field_6836313faa69b,,field_683629af89ed8,,field_68362b303ac21
400,simple,,,Couscous,1,0,visible,,,,,taxable,,1,,,0,0,,,,,1,,,55,"Pasta & Couscous > Couscous",,,http://ap-birkemosegaard.local/wp-content/uploads/2025/05/Couscous.jpg,,,,,,,,,0,"Les Moulins Mahjoub","500 g",field_68371d05ca974,,field_6836293a89ed7,,field_6836313faa69b,,field_683629af89ed8,,field_68362b303ac21
401,simple,,,"Linguine hvide",1,0,visible,,,,,taxable,,1,,,0,0,,,,,1,,,19,"Pasta & Couscous > Pasta",,,http://ap-birkemosegaard.local/wp-content/uploads/2025/05/Linguine-hvide.jpg,,,,,,,,,0,"Girolomoni Italien","500 g",field_68371d05ca974,,field_6836293a89ed7,,field_6836313faa69b,,field_683629af89ed8,,field_68362b303ac21
402,simple,,,"M’hamsa couscous – håndlavet",1,0,visible,,,,,taxable,,1,,,0,0,,,,,1,,,55,"Pasta & Couscous > Couscous",,,http://ap-birkemosegaard.local/wp-content/uploads/2025/05/Mhamsa-couscous-–-handlavet.jpg,,,,,,,,,0,"Les Moulins Mahjoub","500 g",field_68371d05ca974,,field_6836293a89ed7,,field_6836313faa69b,,field_683629af89ed8,,field_68362b303ac21
403,simple,,,"M’hamsa couscous fuldkorn – håndlavet",1,0,visible,,,,,taxable,,1,,,0,0,,,,,1,,,55,"Pasta & Couscous > Couscous",,,http://ap-birkemosegaard.local/wp-content/uploads/2025/05/Mhamsa-couscous-fuldkorn-–-handlavet.jpg,,,,,,,,,0,"Les Moulins Mahjoub","500 g",field_68371d05ca974,,field_6836293a89ed7,,field_6836313faa69b,,field_683629af89ed8,,field_68362b303ac21
404,simple,,,"Penne hvide",1,0,visible,,,,,taxable,,1,,,0,0,,,,,1,,,20,"Pasta & Couscous > Pasta",,,http://ap-birkemosegaard.local/wp-content/uploads/2025/05/Penne-hvide.jpg,,,,,,,,,0,"Girolomoni Italien","500 g",field_68371d05ca974,,field_6836293a89ed7,,field_6836313faa69b,,field_683629af89ed8,,field_68362b303ac21
405,simple,,,"Rigatoni rør hvide",1,0,visible,,,,,taxable,,1,,,0,0,,,,,1,,,20,"Pasta & Couscous > Pasta",,,http://ap-birkemosegaard.local/wp-content/uploads/2025/05/Rigatoni-ror-hvide.jpg,,,,,,,,,0,"Girolomoni Italien","400 g",field_68371d05ca974,,field_6836293a89ed7,,field_6836313faa69b,,field_683629af89ed8,,field_68362b303ac21
406,simple,,,"Risnudler brune Yakso",1,0,visible,,,,,taxable,,1,,,0,0,,,,,1,,,32,"Pasta & Couscous > Nudler",,,http://ap-birkemosegaard.local/wp-content/uploads/2025/05/Risnudler-brune-Yakso.jpg,,,,,,,,,0,,"220 g",field_68371d05ca974,,field_6836293a89ed7,,field_6836313faa69b,,field_683629af89ed8,,field_68362b303ac21
407,simple,,,"Skruer hvide",1,0,visible,,,,,taxable,,1,,,0,0,,,,,1,,,20,"Pasta & Couscous > Pasta",,,http://ap-birkemosegaard.local/wp-content/uploads/2025/05/Skruer-hvide.jpeg,,,,,,,,,0,"Girolomoni Italien","500 g",field_68371d05ca974,,field_6836293a89ed7,,field_6836313faa69b,,field_683629af89ed8,,field_68362b303ac21
408,simple,,,"Sløjfer hvide",1,0,visible,,,,,taxable,,1,,,0,0,,,,,1,,,20,"Pasta & Couscous > Pasta",,,http://ap-birkemosegaard.local/wp-content/uploads/2025/05/Slojfer-hvide.jpg,,,,,,,,,0,"Girolomoni Italien","500 g",field_68371d05ca974,,field_6836293a89ed7,,field_6836313faa69b,,field_683629af89ed8,,field_68362b303ac21
409,simple,,,"Spaghetti fuldkorn",1,0,visible,,,,,taxable,,1,,,0,0,,,,,1,,,19,"Pasta & Couscous > Pasta",,,http://ap-birkemosegaard.local/wp-content/uploads/2025/05/Spaghetti-fuldkorn.jpg,,,,,,,,,0,"Girolomoni Italien","500 g",field_68371d05ca974,,field_6836293a89ed7,,field_6836313faa69b,,field_683629af89ed8,,field_68362b303ac21
410,simple,,,"Spaghetti hvide",1,0,visible,,,,,taxable,,1,,,0,0,,,,,1,,,19,"Pasta & Couscous > Pasta",,,http://ap-birkemosegaard.local/wp-content/uploads/2025/05/Spaghetti-hvide.jpg,,,,,,,,,0,"Girolomoni Italien","500 g",field_68371d05ca974,,field_6836293a89ed7,,field_6836313faa69b,,field_683629af89ed8,,field_68362b303ac21
411,simple,,,"Strozzapreti hvide",1,0,visible,,,,,taxable,,1,,,0,0,,,,,1,,,20,"Pasta & Couscous > Pasta",,,http://ap-birkemosegaard.local/wp-content/uploads/2025/05/Strozzapreti-hvide.jpg,,,,,,,,,0,"Girolomoni Italien","500 g",field_68371d05ca974,,field_6836293a89ed7,,field_6836313faa69b,,field_683629af89ed8,,field_68362b303ac21
412,simple,,,"Strozzapreti Tricolore",1,0,visible,,,,,taxable,,1,,,0,0,,,,,1,,,20,"Pasta & Couscous > Pasta",,,http://ap-birkemosegaard.local/wp-content/uploads/2025/05/Strozzapreti-Tricolore.jpeg,,,,,,,,,0,"Girolomoni Italien","500 g",field_68371d05ca974,,field_6836293a89ed7,,field_6836313faa69b,,field_683629af89ed8,,field_68362b303ac21
425,simple,,,"Artiskokker i ekstra jomfru olivenolie",1,0,visible,,,,,taxable,,1,,,0,0,,,,,1,,,80,"Sylt & Delikatesser > Syltede & Marinerede",,,http://ap-birkemosegaard.local/wp-content/uploads/2025/06/Artiskokker-i-ekstra-jomfru-olivenolie.jpg,,,,,,,,,0,"Les Moulins Mahjoub","300 g",field_68371d05ca974,,field_6836293a89ed7,,field_6836313faa69b,,field_683629af89ed8,,field_68362b303ac21
428,simple,,,"Naturlige Sahli-oliven",1,0,visible,,,,,taxable,,1,,,0,0,,,,,1,,,35,"Sylt & Delikatesser > Syltede & Marinerede",,,http://ap-birkemosegaard.local/wp-content/uploads/2025/06/Naturlige-Sahli-oliven.jpg,,,,,,,,,0,"Les Moulins Mahjoub","130 g",field_68371d05ca974,,field_6836293a89ed7,,field_6836313faa69b,,field_683629af89ed8,,field_68362b303ac21
429,simple,,,"Passata – tomatpuré",1,0,visible,,,,,taxable,,1,,,0,0,,,,,1,,,39,"Sylt & Delikatesser > Syltede & Marinerede",,,http://ap-birkemosegaard.local/wp-content/uploads/2025/06/Passata-–-tomatpure.jpg,,,,,,,,,0,"Les Moulins Mahjoub","500 g",field_68371d05ca974,,field_6836293a89ed7,,field_6836313faa69b,,field_683629af89ed8,,field_68362b303ac21
430,simple,,,"Soltørrede tomater i ekstra jomfruolivenolie",1,0,visible,,,,,taxable,,1,,,0,0,,,,,1,,,50,"Sylt & Delikatesser > Syltede & Marinerede",,,http://ap-birkemosegaard.local/wp-content/uploads/2025/06/Soltorrede-tomater-i-ekstra-jomfruolivenolie.jpg,,,,,,,,,0,"Les Moulins Mahjoub","200 g",field_68371d05ca974,,field_6836293a89ed7,,field_6836313faa69b,,field_683629af89ed8,,field_68362b303ac21
431,simple,,,"Soltørret tomatcreme",1,0,visible,,,,,taxable,,1,,,0,0,,,,,1,,,55,"Sylt & Delikatesser > Syltede & Marinerede",,,http://ap-birkemosegaard.local/wp-content/uploads/2025/06/Soltorret-tomatcreme.jpg,,,,,,,,,0,"Les Moulins Mahjoub","200 g",field_68371d05ca974,,field_6836293a89ed7,,field_6836313faa69b,,field_683629af89ed8,,field_68362b303ac21
432,simple,,,"syltede citroner i saltlage",1,0,visible,,,,,taxable,,1,,,0,0,,,,,1,,,40,"Sylt & Delikatesser > Syltede & Marinerede",,,http://ap-birkemosegaard.local/wp-content/uploads/2025/06/syltede-citroner-i-saltlage.jpg,,,,,,,,,0,"Les Moulins Mahjoub","150 g",field_68371d05ca974,,field_6836293a89ed7,,field_6836313faa69b,,field_683629af89ed8,,field_68362b303ac21
433,simple,,,"Syltede citroner i skiver",1,0,visible,,,,,taxable,,1,,,0,0,,,,,1,,,40,"Sylt & Delikatesser > Syltede & Marinerede, Uncategorized",,,http://ap-birkemosegaard.local/wp-content/uploads/2025/06/Syltede-citroner-i-skiver.jpg,,,,,,,,,0,"Les Moulins Mahjoub","150 g",field_68371d05ca974,,field_6836293a89ed7,,field_6836313faa69b,,field_683629af89ed8,,field_68362b303ac21
434,simple,,,"Syltet FENNIKEL",1,0,visible,,,,,taxable,,1,,,0,0,,,,,1,,,45,"Sylt & Delikatesser > Syltede & Marinerede",,,http://ap-birkemosegaard.local/wp-content/uploads/2025/06/Syltet-FENNIKEL.jpg,,,,,,,,,0,Fangst,"130 g",field_68371d05ca974,,field_6836293a89ed7,,field_6836313faa69b,,field_683629af89ed8,,field_68362b303ac21
435,simple,,,"Syltet RØDLØG",1,0,visible,,,,,taxable,,1,,,0,0,,,,,1,,,45,"Sylt & Delikatesser > Syltede & Marinerede",,,http://ap-birkemosegaard.local/wp-content/uploads/2025/06/Syltet-RODLOG.jpg,,,,,,,,,0,"Egen avl","130 g",field_68371d05ca974,,field_6836293a89ed7,,field_6836313faa69b,,field_683629af89ed8,,field_68362b303ac21
436,simple,,,"Tibar 1 sauce til couscous & pasta",1,0,visible,,,,,taxable,,1,,,0,0,,,,,1,,,50,"Sylt & Delikatesser > Syltede & Marinerede",,,http://ap-birkemosegaard.local/wp-content/uploads/2025/06/Tibar-1-sauce-til-couscous-pasta.jpg,,,,,,,,,0,"Les Moulins Mahjoub","340 g",field_68371d05ca974,,field_6836293a89ed7,,field_6836313faa69b,,field_683629af89ed8,,field_68362b303ac21
438,simple,,,"Tunesiske artiskokblade i H’rouss-stil",1,0,visible,,,,,taxable,,1,,,0,0,,,,,1,,,50,"Sylt & Delikatesser > Syltede & Marinerede",,,http://ap-birkemosegaard.local/wp-content/uploads/2025/06/Tunesiske-artiskokblade-i-Hrouss-stil.jpg,,,,,,,,,0,"Les Moulins Mahjoub","185 g",field_68371d05ca974,,field_6836293a89ed7,,field_6836313faa69b,,field_683629af89ed8,,field_68362b303ac21
439,simple,,,"Vilde bjergkapers i havsalt",1,0,visible,,,,,taxable,,1,,,0,0,,,,,1,,,50,"Sylt & Delikatesser > Basisvarer & Smagsforstærkere",,,http://ap-birkemosegaard.local/wp-content/uploads/2025/06/Vilde-bjergkapers-i-havsalt.jpg,,,,,,,,,0,"Les Moulins Mahjoub","100 g",field_68371d05ca974,,field_6836293a89ed7,,field_6836313faa69b,,field_683629af89ed8,,field_68362b303ac21
447,simple,,,Dadelrulle,1,0,visible,,,,,taxable,,1,,,0,0,,,,,1,,,85,"Specialiteter & Andet godt > Snacks & Nødder",,,http://ap-birkemosegaard.local/wp-content/uploads/2025/06/Dadelrulle.jpg,,,,,,,,,0,Aurion,"500 g",field_68371d05ca974,,field_6836293a89ed7,,field_6836313faa69b,,field_683629af89ed8,,field_68362b303ac21
448,simple,,,Figenrulle,1,0,visible,,,,,taxable,,1,,,0,0,,,,,1,,,80,"Specialiteter & Andet godt > Snacks & Nødder",,,http://ap-birkemosegaard.local/wp-content/uploads/2025/06/Figenrulle.jpg,,,,,,,,,0,Aurion,"500 g",field_68371d05ca974,,field_6836293a89ed7,,field_6836313faa69b,,field_683629af89ed8,,field_68362b303ac21
449,simple,,,Hasselnødderulle,1,0,visible,,,,,taxable,,1,,,0,0,,,,,1,,,90,"Specialiteter & Andet godt > Snacks & Nødder",,,http://ap-birkemosegaard.local/wp-content/uploads/2025/06/Hasselnodderulle.jpg,,,,,,,,,0,Aurion,"500 g",field_68371d05ca974,,field_6836293a89ed7,,field_6836313faa69b,,field_683629af89ed8,,field_68362b303ac21
450,simple,,,Kokosrulle,1,0,visible,,,,,taxable,,1,,,0,0,,,,,1,,,90,"Specialiteter & Andet godt > Snacks & Nødder",,,http://ap-birkemosegaard.local/wp-content/uploads/2025/06/Kokosrulle.jpg,,,,,,,,,0,Aurion,"500 g",field_68371d05ca974,,field_6836293a89ed7,,field_6836313faa69b,,field_683629af89ed8,,field_68362b303ac21
451,simple,,,Mandler,1,0,visible,,,,,taxable,,1,,,0,0,,,,,1,,,75,"Specialiteter & Andet godt > Snacks & Nødder",,,http://ap-birkemosegaard.local/wp-content/uploads/2025/06/Mandler.jpg,,,,,,,,,0,"Girolomoni Italien","400 g",field_68371d05ca974,,field_6836293a89ed7,,field_6836313faa69b,,field_683629af89ed8,,field_68362b303ac21
452,simple,,,Valnødderulle,1,0,visible,,,,,taxable,,1,,,0,0,,,,,1,,,24,"Specialiteter & Andet godt > Snacks & Nødder",,,http://ap-birkemosegaard.local/wp-content/uploads/2025/06/Valnodderulle.jpg,,,,,,,,,0,Aurion,"500 g",field_68371d05ca974,,field_6836293a89ed7,,field_6836313faa69b,,field_683629af89ed8,,field_68362b303ac21
482,simple,,,Durummel,1,0,visible,,,,,taxable,,1,,,0,0,,,,,1,,,65,"Mel & Korn > Mel",,,http://ap-birkemosegaard.local/wp-content/uploads/2025/06/Durummel.jpg,,,,,,,,,0,Aurion,"1,5 kg",field_68371d05ca974,,field_6836293a89ed7,,field_6836313faa69b,,field_683629af89ed8,,field_68362b303ac21
483,simple,,,Emmermel,1,0,visible,,,,,taxable,,1,,,0,0,,,,,1,,,"52,50","Mel & Korn > Mel",,,http://ap-birkemosegaard.local/wp-content/uploads/2025/06/Emmermel.jpg,,,,,,,,,0,Aurion,"1 kg",field_68371d05ca974,,field_6836293a89ed7,,field_6836313faa69b,,field_683629af89ed8,,field_68362b303ac21
484,simple,,,Grahamsmel,1,0,visible,,,,,taxable,,1,,,0,0,,,,,1,,,49,"Mel & Korn > Mel",,,http://ap-birkemosegaard.local/wp-content/uploads/2025/06/Grahamsmel-15kg.jpg,,,,,,,,,0,Aurion,"1 kg",field_68371d05ca974,,field_6836293a89ed7,,field_6836313faa69b,,field_683629af89ed8,,field_68362b303ac21
485,simple,,,"Groft Ølandshvedemel",1,0,visible,,,,,taxable,,1,,,0,0,,,,,1,,,58,"Mel & Korn > Mel",,,http://ap-birkemosegaard.local/wp-content/uploads/2025/06/Groft-Olandshvedemel-5kg.jpg,,,,,,,,,0,Aurion,"1,5 kg",field_68371d05ca974,,field_6836293a89ed7,,field_6836313faa69b,,field_683629af89ed8,,field_68362b303ac21
486,simple,,,"Havregryn grov glutenfri",1,0,visible,,,,,taxable,,1,,,0,0,,,,,1,,,47,"Mel & Korn > Mel",,,http://ap-birkemosegaard.local/wp-content/uploads/2025/06/Havregryn-grov-glutenfri.jpg,,,,,,,,,0,Aurion,"1 kg",field_68371d05ca974,,field_6836293a89ed7,,field_6836313faa69b,,field_683629af89ed8,,field_68362b303ac21
487,simple,,,"Havregryn fin glutenfri",1,0,visible,,,,,taxable,,1,,,0,0,,,,,1,,,46,"Mel & Korn > Mel",,,http://ap-birkemosegaard.local/wp-content/uploads/2025/06/Havregryn-fin-glutenfri.jpg,,,,,,,,,0,Aurion,"1 kg",field_68371d05ca974,,field_6836293a89ed7,,field_6836313faa69b,,field_683629af89ed8,,field_68362b303ac21
488,simple,,,"Havregryn sorthavre grovvalsede",1,0,visible,,,,,taxable,,1,,,0,0,,,,,1,,,45,"Mel & Korn > Mel",,,http://ap-birkemosegaard.local/wp-content/uploads/2025/06/Havregryn-sorthavre-grovvalsede.jpg,,,,,,,,,0,"Engdigegaard damn ark","835 g",field_68371d05ca974,,field_6836293a89ed7,,field_6836313faa69b,,field_683629af89ed8,,field_68362b303ac21
489,simple,,,boghvede,1,0,visible,,,,,taxable,,1,,,0,0,,,,,1,,,49,"Mel & Korn > Mel",,,http://ap-birkemosegaard.local/wp-content/uploads/2025/06/Hel-boghvede.jpg,,,,,,,,,0,Aurion,"600 g",field_68371d05ca974,,field_6836293a89ed7,,field_6836313faa69b,,field_683629af89ed8,,field_68362b303ac21
490,simple,,,"Hele Ingrid-ærter",1,0,visible,,,,,taxable,,1,,,0,0,,,,,1,,,42,"Mel & Korn > Hele korn & Frø",,,http://ap-birkemosegaard.local/wp-content/uploads/2025/06/Hele-Ingrid-aerter.jpg,,,,,,,,,0,"Egen avl","600 g",field_68371d05ca974,,field_6836293a89ed7,,field_6836313faa69b,,field_683629af89ed8,,field_68362b303ac21
491,simple,,,Hvedemel,1,0,visible,,,,,taxable,,1,,,0,0,,,,,1,,,56,"Mel & Korn > Mel",,,http://ap-birkemosegaard.local/wp-content/uploads/2025/06/Hvedemel-5-kg.jpg,,,,,,,,,0,Aurion,"5 kg",field_68371d05ca974,,field_6836293a89ed7,,field_6836313faa69b,,field_683629af89ed8,,field_68362b303ac21
492,simple,,,"Rug hel",1,0,visible,,,,,taxable,,1,,,0,0,,,,,1,,,130,"Mel & Korn > Mel",,,http://ap-birkemosegaard.local/wp-content/uploads/2025/06/Rug-hel-5-kg.jpg,,,,,,,,,0,Aurion,"5 kg",field_68371d05ca974,,field_6836293a89ed7,,field_6836313faa69b,,field_683629af89ed8,,field_68362b303ac21
493,simple,,,"Mariagertoba hvedemel fuldkorn",1,0,visible,,,,,taxable,,1,,,0,0,,,,,1,,,62,"Mel & Korn > Mel fra egen mark",,,http://ap-birkemosegaard.local/wp-content/uploads/2025/06/Mariagertoba-hvedemel-fuldkorn-2-kg.jpg,,,,,,,,,0,"Egen avl","2 kg",field_68371d05ca974,,field_6836293a89ed7,,field_6836313faa69b,,field_683629af89ed8,,field_68362b303ac21
494,simple,,,"Mariagertoba hvedemel fuldkorn",1,0,visible,,,,,taxable,,1,,,0,0,,,,,1,,,145,"Mel & Korn > Mel fra egen mark",,,http://ap-birkemosegaard.local/wp-content/uploads/2025/06/Mariagertoba-hvedemel-fuldkorn-5-kg.jpg,,,,,,,,,0,"Egen avl","5 kg",field_68371d05ca974,,field_6836293a89ed7,,field_6836313faa69b,,field_683629af89ed8,,field_68362b303ac21
495,simple,,,"Mariagertoba hvedemel letsigtet",1,0,visible,,,,,taxable,,1,,,0,0,,,,,1,,,62,"Mel & Korn > Mel fra egen mark",,,http://ap-birkemosegaard.local/wp-content/uploads/2025/06/Mariagertoba-hvedemel-letsigtet-2kg.jpg,,,,,,,,,0,"Egen avl","2 kg",field_68371d05ca974,,field_6836293a89ed7,,field_6836313faa69b,,field_683629af89ed8,,field_68362b303ac21
496,simple,,,"Mariagertoba hvedemel letsigtet",1,0,visible,,,,,taxable,,1,,,0,0,,,,,1,,,145,"Mel & Korn > Mel fra egen mark",,,http://ap-birkemosegaard.local/wp-content/uploads/2025/06/Mariagertoba-hvedemel-letsigtet-5kg.jpg,,,,,,,,,0,"Egen avl","5 kg",field_68371d05ca974,,field_6836293a89ed7,,field_6836313faa69b,,field_683629af89ed8,,field_68362b303ac21
497,simple,,,"Pandekagemix glutenfri",1,0,visible,,,,,taxable,,1,,,0,0,,,,,1,,,52,"Mel & Korn > Bagemixe",,,http://ap-birkemosegaard.local/wp-content/uploads/2025/06/Pandekagemix-glutenfri.jpg,,,,,,,,,0,Aurion,"450 g",field_68371d05ca974,,field_6836293a89ed7,,field_6836313faa69b,,field_683629af89ed8,,field_68362b303ac21
498,simple,,,Speltflager,1,0,visible,,,,,taxable,,1,,,0,0,,,,,1,,,45,"Mel & Korn > Hele korn & Frø",,,http://ap-birkemosegaard.local/wp-content/uploads/2025/06/Speltflager.jpg,,,,,,,,,0,Aurion,"800 g",field_68371d05ca974,,field_6836293a89ed7,,field_6836313faa69b,,field_683629af89ed8,,field_68362b303ac21
499,simple,,,Speltmel,1,0,visible,,,,,taxable,,1,,,0,0,,,,,1,,,"67,50","Mel & Korn > Hele korn & Frø",,,http://ap-birkemosegaard.local/wp-content/uploads/2025/06/Speltmel.jpg,,,,,,,,,0,Aurion,"1,5 kg",field_68371d05ca974,,field_6836293a89ed7,,field_6836313faa69b,,field_683629af89ed8,,field_68362b303ac21
500,simple,,,Vaffelmix,1,0,visible,,,,,taxable,,1,,,0,0,,,,,1,,,52,"Mel & Korn > Bagemixe",,,http://ap-birkemosegaard.local/wp-content/uploads/2025/06/Vaffelmix.jpg,,,,,,,,,0,Aurion,"500 g",field_68371d05ca974,,field_6836293a89ed7,,field_6836313faa69b,,field_683629af89ed8,,field_68362b303ac21
501,simple,,,"Sigtet speltmel",1,0,visible,,,,,taxable,,1,,,0,0,,,,,1,,,64,"Mel & Korn > Hele korn & Frø",,,http://ap-birkemosegaard.local/wp-content/uploads/2025/06/Sigtet-speltmel-12-kg.jpg,,,,,,,,,0,Aurion,"1,2 kg",field_68371d05ca974,,field_6836293a89ed7,,field_6836313faa69b,,field_683629af89ed8,,field_68362b303ac21
510,simple,,,"Atlanterhavsalt fint",1,0,visible,,,,,taxable,,1,,,0,0,,,,,1,,,22,"Sylt & Delikatesser > Basisvarer & Smagsforstærkere",,,http://ap-birkemosegaard.local/wp-content/uploads/2025/06/Atlanterhavsalt-fint.jpg,,,,,,,,,0,Atlantis,"1 kg",field_68371d05ca974,,field_6836293a89ed7,,field_6836313faa69b,,field_683629af89ed8,,field_68362b303ac21
511,simple,,,"Atlanterhavsalt groft",1,0,visible,,,,,taxable,,1,,,0,0,,,,,1,,,30,"Sylt & Delikatesser > Basisvarer & Smagsforstærkere",,,http://ap-birkemosegaard.local/wp-content/uploads/2025/06/Atlanterhavsalt-groft.jpg,,,,,,,,,0,Atlantis,"2 kg",field_68371d05ca974,,field_6836293a89ed7,,field_6836313faa69b,,field_683629af89ed8,,field_68362b303ac21
512,simple,,,Bønnesauce,1,0,visible,,,,,taxable,,1,,,0,0,,,,,1,,,105,"Sylt & Delikatesser > Basisvarer & Smagsforstærkere",,,http://ap-birkemosegaard.local/wp-content/uploads/2025/06/Bonnesauce.jpg,,,,,,,,,0,Contempehrary,"200 ml",field_68371d05ca974,,field_6836293a89ed7,,field_6836313faa69b,,field_683629af89ed8,,field_68362b303ac21
513,simple,,,"Knækbrød med sesam",1,0,visible,,,,,taxable,,1,,,0,0,,,,,1,,,35,"Specialiteter & Andet godt > Snacks & Nødder",,,http://ap-birkemosegaard.local/wp-content/uploads/2025/06/Knaekbrod-med-sesam.jpeg,,,,,,,,,0,,"1 pakke",field_68371d05ca974,,field_6836293a89ed7,,field_6836313faa69b,,field_683629af89ed8,,field_68362b303ac21
514,simple,,,"Rørsukker Demerara",1,0,visible,,,,,taxable,,1,,,0,0,,,,,1,,,38,"Sylt & Delikatesser > Basisvarer & Smagsforstærkere",,,http://ap-birkemosegaard.local/wp-content/uploads/2025/06/Rorsukker-Demerara.jpg,,,,,,,,,0,Søbogaard,"1 kg",field_68371d05ca974,,field_6836293a89ed7,,field_6836313faa69b,,field_683629af89ed8,,field_68362b303ac21
515,simple,,,"Rørsukker golden ekstra light",1,0,visible,,,,,taxable,,1,,,0,0,,,,,1,,,38,"Sylt & Delikatesser > Basisvarer & Smagsforstærkere",,,http://ap-birkemosegaard.local/wp-content/uploads/2025/06/Rorsukker-golden-ekstra-light.jpg,,,,,,,,,0,Søbogaard,"1 kg",field_68371d05ca974,,field_6836293a89ed7,,field_6836313faa69b,,field_683629af89ed8,,field_68362b303ac21
516,simple,,,Stensalt,1,0,visible,,,,,taxable,,1,,,0,0,,,,,1,,,24,"Sylt & Delikatesser > Basisvarer & Smagsforstærkere",,,http://ap-birkemosegaard.local/wp-content/uploads/2025/06/Stensalt-1-kg.jpg,,,,,,,,,0,Aurion,"1 kg",field_68371d05ca974,,field_6836293a89ed7,,field_6836313faa69b,,field_683629af89ed8,,field_68362b303ac21
517,simple,,,Æblecidereddike,1,0,visible,,,,,taxable,,1,,,0,0,,,,,1,,,39,"Drikkevarer > Specialdrikke",,,http://ap-birkemosegaard.local/wp-content/uploads/2025/06/AEblecidereddike.jpg,,,,,,,,,0,Voelkel,"75 cl",field_68371d05ca974,,field_6836293a89ed7,,field_6836313faa69b,,field_683629af89ed8,,field_68362b303ac21
